[Ljava.lang.String;@b8c8e6,0.00,0.00,0.00,0.00,0.00,0.00,Traits
[Ljava.lang.String;@af993e,0.00,0.00,0.00,0.00,0.00,0.00,Traits
[Ljava.lang.String;@1bbf1ca,0.00,0.00,0.00,0.00,0.00,0.00,Traits
[Ljava.lang.String;@530cf2,0.00,0.00,0.00,0.00,0.00,0.00,Traits
[Ljava.lang.String;@bc8e1e,0.00,0.00,0.00,0.00,0.00,0.00,Traits
[Ljava.lang.String;@60991f,0.00,0.00,0.00,0.00,0.00,0.00,Traits
[Ljava.lang.String;@1e4f7c2,0.00,0.00,0.00,0.00,0.00,0.00,Traits
[Ljava.lang.String;@145f0e3,0.00,0.00,0.00,0.00,0.00,0.00,Traits
[Ljava.lang.String;@170bea5,0.00,0.00,0.00,0.00,0.00,0.00,Traits
[Ljava.lang.String;@1de17f4,0.00,0.00,0.00,0.00,0.00,0.00,Traits
[Ljava.lang.String;@1313906,0.00,0.00,0.00,0.00,0.00,0.00,Traits
[Ljava.lang.String;@96cf11,0.00,0.00,0.00,0.00,0.00,0.00,Traits
[Ljava.lang.String;@f6438d,0.00,0.00,0.00,0.00,0.00,0.00,Traits
[Ljava.lang.String;@1cd0888,0.00,0.00,0.00,0.00,0.00,0.00,Traits
[Ljava.lang.String;@1eb2c1b,0.00,0.00,0.00,0.00,0.00,0.00,Traits
[Ljava.lang.String;@4f9fdc,0.00,0.00,0.00,0.00,0.00,0.00,Traits
[Ljava.lang.String;@4f459c,0.00,0.00,0.00,0.00,0.00,0.00,Traits
[Ljava.lang.String;@1774b9b,0.00,0.00,0.00,0.00,0.00,0.00,Traits
[Ljava.lang.String;@104c575,0.00,0.00,0.00,0.00,0.00,0.00,Traits
[Ljava.lang.String;@179935d,0.00,0.00,0.00,0.00,0.00,0.00,Traits
[Ljava.lang.String;@3ef810,0.00,0.00,0.00,0.00,0.00,0.00,Traits
[Ljava.lang.String;@67064,0.00,0.00,0.00,0.00,0.00,0.00,Traits
[Ljava.lang.String;@bcda2d,0.00,0.00,0.00,0.00,0.00,0.00,Traits
[Ljava.lang.String;@feb48,0.00,0.00,0.00,0.00,0.00,0.00,Traits
[Ljava.lang.String;@11ff436,0.00,0.00,0.00,0.00,0.00,0.00,Traits
[Ljava.lang.String;@11dba45,0.00,0.00,0.00,0.00,0.00,0.00,Traits
[Ljava.lang.String;@1f82982,0.00,0.00,0.00,0.00,0.00,0.00,Traits
[Ljava.lang.String;@3c9217,0.00,0.00,0.00,0.00,0.00,0.00,Traits
[Ljava.lang.String;@9b42e6,0.00,0.00,0.00,0.00,0.00,0.00,Traits
[Ljava.lang.String;@14520eb,0.00,0.00,0.00,0.00,0.00,0.00,Traits
[Ljava.lang.String;@1742700,0.00,0.00,0.00,0.00,0.00,0.00,Traits
[Ljava.lang.String;@17431b9,0.00,0.00,0.00,0.00,0.00,0.00,Traits
[Ljava.lang.String;@1976011,0.00,0.00,0.00,0.00,0.00,0.00,Traits
[Ljava.lang.String;@1242b11,0.00,0.00,0.00,0.00,0.00,0.00,Traits
[Ljava.lang.String;@1878144,0.00,0.00,0.00,0.00,0.00,0.00,Traits
[Ljava.lang.String;@15db314,0.00,0.00,0.00,0.00,0.00,0.00,Traits
[Ljava.lang.String;@97eded,0.00,0.00,0.00,0.00,0.00,0.00,Traits
[Ljava.lang.String;@858bf1,0.00,0.00,0.00,0.00,0.00,0.00,Traits
[Ljava.lang.String;@1a68ef9,0.00,0.00,0.00,0.00,0.00,0.00,Traits
[Ljava.lang.String;@15e0873,0.00,0.00,0.00,0.00,0.00,0.00,Traits
[Ljava.lang.String;@10ea9ba,0.00,0.00,0.00,0.00,0.00,0.00,Traits
[Ljava.lang.String;@1a918d5,0.00,0.00,0.00,0.00,0.00,0.00,Traits
[Ljava.lang.String;@9d6065,0.00,0.00,0.00,0.00,0.00,0.00,Traits
[Ljava.lang.String;@238a47,0.00,0.00,0.00,0.00,0.00,0.00,Traits
[Ljava.lang.String;@14b5f4a,0.00,0.00,0.00,0.00,0.00,0.00,Traits
[Ljava.lang.String;@15d17d7,0.00,0.00,0.00,0.00,0.00,0.00,Traits
[Ljava.lang.String;@ae533a,0.00,0.00,0.00,0.00,0.00,0.00,Traits
[Ljava.lang.String;@da18ac,0.00,0.00,0.00,0.00,0.00,0.00,Traits
[Ljava.lang.String;@e49dcd,0.00,0.00,0.00,0.00,0.00,0.00,Traits
[Ljava.lang.String;@1343ed0,0.00,0.00,0.00,0.00,0.00,0.00,Traits
[Ljava.lang.String;@107f45d,0.00,0.00,0.00,0.00,0.00,0.00,Traits
[Ljava.lang.String;@13c0b53,0.00,0.00,0.00,0.00,0.00,0.00,Traits
[Ljava.lang.String;@10b9279,0.00,0.00,0.00,0.00,0.00,0.00,Traits
[Ljava.lang.String;@16614e7,0.00,0.00,0.00,0.00,0.00,0.00,Traits
[Ljava.lang.String;@e66f56,0.00,0.00,0.00,0.00,0.00,0.00,Traits
[Ljava.lang.String;@979e8b,0.00,0.00,0.00,0.00,0.00,0.00,Traits
[Ljava.lang.String;@29ce8c,0.00,0.00,0.00,0.00,0.00,0.00,Traits
[Ljava.lang.String;@b754b2,0.00,0.00,0.00,0.00,0.00,0.00,Traits
[Ljava.lang.String;@197bb7,0.00,0.00,0.00,0.00,0.00,0.00,Traits
[Ljava.lang.String;@1094d48,0.00,0.00,0.00,0.00,0.00,0.00,Traits
[Ljava.lang.String;@1b0bdc8,0.00,0.00,0.00,0.00,0.00,0.00,Traits
[Ljava.lang.String;@a98932,0.00,0.00,0.00,0.00,0.00,0.00,Traits
[Ljava.lang.String;@6e4365,0.00,0.00,0.00,0.00,0.00,0.00,Traits
[Ljava.lang.String;@c0f1ec,0.00,0.00,0.00,0.00,0.00,0.00,Traits
[Ljava.lang.String;@542529,0.00,0.00,0.00,0.00,0.00,0.00,Traits
[Ljava.lang.String;@53ab04,0.00,0.00,0.00,0.00,0.00,0.00,Traits
[Ljava.lang.String;@100bac2,0.00,0.00,0.00,0.00,0.00,0.00,Traits
[Ljava.lang.String;@e51b2c,0.00,0.00,0.00,0.00,0.00,0.00,Traits
[Ljava.lang.String;@15aed57,0.00,0.00,0.00,0.00,0.00,0.00,Traits
[Ljava.lang.String;@941db6,0.00,0.00,0.00,0.00,0.00,0.00,Traits
[Ljava.lang.String;@2acc57,0.00,0.00,0.00,0.00,0.00,0.00,Traits
[Ljava.lang.String;@1cd66ea,0.00,0.00,0.00,0.00,0.00,0.00,Traits
[Ljava.lang.String;@1fbfd6,0.00,0.00,0.00,0.00,0.00,0.00,Traits
[Ljava.lang.String;@1be16f5,0.00,0.00,0.00,0.00,0.00,0.00,Traits
[Ljava.lang.String;@d56b37,0.00,0.00,0.00,0.00,0.00,0.00,Traits
[Ljava.lang.String;@171f189,0.00,0.00,0.00,0.00,0.00,0.00,Traits
[Ljava.lang.String;@1a897a9,0.00,0.00,0.00,0.00,0.00,0.00,Traits
[Ljava.lang.String;@17cec96,0.00,0.00,0.00,0.00,0.00,0.00,Traits
[Ljava.lang.String;@1947496,0.00,0.00,0.00,0.00,0.00,0.00,Traits
[Ljava.lang.String;@1724a9d,0.00,0.00,0.00,0.00,0.00,0.00,Traits
[Ljava.lang.String;@af72d8,0.00,0.00,0.00,0.00,0.00,0.00,Traits
[Ljava.lang.String;@9cfec1,0.00,0.00,0.00,0.00,0.00,0.00,Traits
[Ljava.lang.String;@11946c2,0.00,0.00,0.00,0.00,0.00,0.00,Traits
[Ljava.lang.String;@747fa2,0.00,0.00,0.00,0.00,0.00,0.00,Traits
[Ljava.lang.String;@6782a9,0.00,0.00,0.00,0.00,0.00,0.00,Traits
[Ljava.lang.String;@1b34126,0.00,0.00,0.00,0.00,0.00,0.00,Traits
[Ljava.lang.String;@17a4989,0.00,0.00,0.00,0.00,0.00,0.00,Traits
[Ljava.lang.String;@17200b4,0.00,0.00,0.00,0.00,0.00,0.00,Traits
[Ljava.lang.String;@18c3679,0.00,0.00,0.00,0.00,0.00,0.00,Traits
[Ljava.lang.String;@4c47db,0.00,0.00,0.00,0.00,0.00,0.00,Traits
[Ljava.lang.String;@6779e6,0.00,0.00,0.00,0.00,0.00,0.00,Traits
[Ljava.lang.String;@174219d,0.00,0.00,0.00,0.00,0.00,0.00,Traits
[Ljava.lang.String;@14ae2c1,0.00,0.00,0.00,0.00,0.00,0.00,Traits
[Ljava.lang.String;@16d2702,0.00,0.00,0.00,0.00,0.00,0.00,Traits
[Ljava.lang.String;@11c2b67,0.00,0.00,0.00,0.00,0.00,0.00,Traits
[Ljava.lang.String;@659db7,0.00,0.00,0.00,0.00,0.00,0.00,Traits
[Ljava.lang.String;@edf389,0.00,0.00,0.00,0.00,0.00,0.00,Traits
[Ljava.lang.String;@fced4,0.00,0.00,0.00,0.00,0.00,0.00,Traits
[Ljava.lang.String;@1d3cdaa,0.00,0.00,0.00,0.00,0.00,0.00,Traits
[Ljava.lang.String;@1b273cc,0.00,0.00,0.00,0.00,0.00,0.00,Traits
[Ljava.lang.String;@d05c13,0.00,0.00,0.00,0.00,0.00,0.00,Traits
[Ljava.lang.String;@14d1d41,0.00,0.00,0.00,0.00,0.00,0.00,Traits
[Ljava.lang.String;@1bbd7b2,0.00,0.00,0.00,0.00,0.00,0.00,Traits
[Ljava.lang.String;@12b6c89,0.00,0.00,0.00,0.00,0.00,0.00,Traits
[Ljava.lang.String;@1e2befa,0.00,0.00,0.00,0.00,0.00,0.00,Traits
[Ljava.lang.String;@1682598,0.00,0.00,0.00,0.00,0.00,0.00,Traits
[Ljava.lang.String;@2b323e,0.00,0.00,0.00,0.00,0.00,0.00,Traits
[Ljava.lang.String;@435a3a,0.00,0.00,0.00,0.00,0.00,0.00,Traits
[Ljava.lang.String;@1d8c528,0.00,0.00,0.00,0.00,0.00,0.00,Traits
[Ljava.lang.String;@77eaf8,0.00,0.00,0.00,0.00,0.00,0.00,Traits
[Ljava.lang.String;@e35bb7,0.00,0.00,0.00,0.00,0.00,0.00,Traits
[Ljava.lang.String;@9a8a68,0.00,0.00,0.00,0.00,0.00,0.00,Traits
[Ljava.lang.String;@1f4e571,0.00,0.00,0.00,0.00,0.00,0.00,Traits
[Ljava.lang.String;@1038de7,0.00,0.00,0.00,0.00,0.00,0.00,Traits
[Ljava.lang.String;@1ee148b,0.00,0.00,0.00,0.00,0.00,0.00,Traits
[Ljava.lang.String;@186d484,0.00,0.00,0.00,0.00,0.00,0.00,Traits
[Ljava.lang.String;@ea48be,0.00,0.00,0.00,0.00,0.00,0.00,Traits
[Ljava.lang.String;@14dd758,0.00,0.00,0.00,0.00,0.00,0.00,Traits
[Ljava.lang.String;@61a907,0.00,0.00,0.00,0.00,0.00,0.00,Traits
[Ljava.lang.String;@1a0225b,0.00,0.00,0.00,0.00,0.00,0.00,Traits
[Ljava.lang.String;@2f8b5a,0.00,0.00,0.00,0.00,0.00,0.00,Traits
[Ljava.lang.String;@165c7f6,0.00,0.00,0.00,0.00,0.00,0.00,Traits
[Ljava.lang.String;@8ddc4c,0.00,0.00,0.00,0.00,0.00,0.00,Traits
[Ljava.lang.String;@1e1be92,0.00,0.00,0.00,0.00,0.00,0.00,Traits
[Ljava.lang.String;@1a6684f,0.00,0.00,0.00,0.00,0.00,0.00,Traits
[Ljava.lang.String;@1ba6076,0.00,0.00,0.00,0.00,0.00,0.00,Traits
[Ljava.lang.String;@eb67e8,0.00,0.00,0.00,0.00,0.00,0.00,Traits
[Ljava.lang.String;@f2ea42,0.00,0.00,0.00,0.00,0.00,0.00,Traits
[Ljava.lang.String;@1f1cbf6,0.00,0.00,0.00,0.00,0.00,0.00,Traits
[Ljava.lang.String;@1858aa0,0.00,0.00,0.00,0.00,0.00,0.00,Traits
[Ljava.lang.String;@1f38fc6,0.00,0.00,0.00,0.00,0.00,0.00,Traits
[Ljava.lang.String;@166f9b9,0.00,0.00,0.00,0.00,0.00,0.00,Traits
[Ljava.lang.String;@1fb3211,0.00,0.00,0.00,0.00,0.00,0.00,Traits
[Ljava.lang.String;@940b84,0.00,0.00,0.00,0.00,0.00,0.00,Traits
[Ljava.lang.String;@129e5e9,0.00,0.00,0.00,0.00,0.00,0.00,Traits
[Ljava.lang.String;@1b5391b,0.00,0.00,0.00,0.00,0.00,0.00,Traits
[Ljava.lang.String;@b85c17,0.00,0.00,0.00,0.00,0.00,0.00,Traits
[Ljava.lang.String;@1a5ec6c,0.00,0.00,0.00,0.00,0.00,0.00,Traits
[Ljava.lang.String;@44d990,0.00,0.00,0.00,0.00,0.00,0.00,Traits
[Ljava.lang.String;@278e83,0.00,0.00,0.00,0.00,0.00,0.00,Traits
[Ljava.lang.String;@fd66a5,0.00,0.00,0.00,0.00,0.00,0.00,Traits
[Ljava.lang.String;@5dfaf1,0.00,0.00,0.00,0.00,0.00,0.00,Traits
[Ljava.lang.String;@61cd2,0.00,0.00,0.00,0.00,0.00,0.00,Traits
[Ljava.lang.String;@1ef7de4,0.00,0.00,0.00,0.00,0.00,0.00,Traits
[Ljava.lang.String;@3228a1,0.00,0.00,0.00,0.00,0.00,0.00,Traits
[Ljava.lang.String;@edbe39,0.00,0.00,0.00,0.00,0.00,0.00,Traits
[Ljava.lang.String;@639bf1,0.00,0.00,0.00,0.00,0.00,0.00,Traits
[Ljava.lang.String;@1931579,0.00,0.00,0.00,0.00,0.00,0.00,Traits
[Ljava.lang.String;@166bfd8,0.00,0.00,0.00,0.00,0.00,0.00,Traits
[Ljava.lang.String;@bd09e8,0.00,0.00,0.00,0.00,0.00,0.00,Traits
[Ljava.lang.String;@4d41e2,0.00,0.00,0.00,0.00,0.00,0.00,Traits
[Ljava.lang.String;@20807c,0.00,0.00,0.00,0.00,0.00,0.00,Traits
[Ljava.lang.String;@1d38b87,0.00,0.00,0.00,0.00,0.00,0.00,Traits
[Ljava.lang.String;@16d835f,0.00,0.00,0.00,0.00,0.00,0.00,Traits
[Ljava.lang.String;@cbd8dc,0.00,0.00,0.00,0.00,0.00,0.00,Traits
[Ljava.lang.String;@10a5c21,0.00,0.00,0.00,0.00,0.00,0.00,Traits
[Ljava.lang.String;@12696c2,0.00,0.00,0.00,0.00,0.00,0.00,Traits
[Ljava.lang.String;@dc0435,0.00,0.00,0.00,0.00,0.00,0.00,Traits
[Ljava.lang.String;@98350a,0.00,0.00,0.00,0.00,0.00,0.00,Traits
[Ljava.lang.String;@c24193,0.00,0.00,0.00,0.00,0.00,0.00,Traits
[Ljava.lang.String;@15f4a7f,0.00,0.00,0.00,0.00,0.00,0.00,Traits
[Ljava.lang.String;@113e9fd,0.00,0.00,0.00,0.00,0.00,0.00,Traits
[Ljava.lang.String;@670479,0.00,0.00,0.00,0.00,0.00,0.00,Traits
[Ljava.lang.String;@9b1670,0.00,0.00,0.00,0.00,0.00,0.00,Traits
[Ljava.lang.String;@1de4dd8,0.00,0.00,0.00,0.00,0.00,0.00,Traits
[Ljava.lang.String;@1c8b24d,0.00,0.00,0.00,0.00,0.00,0.00,Traits
[Ljava.lang.String;@1320a41,0.00,0.00,0.00,0.00,0.00,0.00,Traits
[Ljava.lang.String;@3f4ebd,0.00,0.00,0.00,0.00,0.00,0.00,Traits
[Ljava.lang.String;@4a5c78,0.00,0.00,0.00,0.00,0.00,0.00,Traits
[Ljava.lang.String;@1fcf790,0.00,0.00,0.00,0.00,0.00,0.00,Traits
[Ljava.lang.String;@e14d81,0.00,0.00,0.00,0.00,0.00,0.00,Traits
[Ljava.lang.String;@1a7789c,0.00,0.00,0.00,0.00,0.00,0.00,Traits
[Ljava.lang.String;@1df5f21,0.00,0.00,0.00,0.00,0.00,0.00,Traits
[Ljava.lang.String;@1de891b,0.00,0.00,0.00,0.00,0.00,0.00,Traits
[Ljava.lang.String;@fb6c5f,0.00,0.00,0.00,0.00,0.00,0.00,Traits
[Ljava.lang.String;@87e704,0.00,0.00,0.00,0.00,0.00,0.00,Traits
[Ljava.lang.String;@4fe91e,0.00,0.00,0.00,0.00,0.00,0.00,Traits
[Ljava.lang.String;@51ef4e,0.00,0.00,0.00,0.00,0.00,0.00,Traits
[Ljava.lang.String;@135f44e,0.00,0.00,0.00,0.00,0.00,0.00,Traits
[Ljava.lang.String;@13a34af,0.00,0.00,0.00,0.00,0.00,0.00,Traits
[Ljava.lang.String;@58dd2d,0.00,0.00,0.00,0.00,0.00,0.00,Traits
[Ljava.lang.String;@20c906,0.00,0.00,0.00,0.00,0.00,0.00,Traits
[Ljava.lang.String;@6db33c,0.00,0.00,0.00,0.00,0.00,0.00,Traits
[Ljava.lang.String;@159e6e8,0.00,0.00,0.00,0.00,0.00,0.00,Traits
[Ljava.lang.String;@1469658,0.00,0.00,0.00,0.00,0.00,0.00,Traits
[Ljava.lang.String;@1389b3f,0.00,0.00,0.00,0.00,0.00,0.00,Traits
[Ljava.lang.String;@158689a,0.00,0.00,0.00,0.00,0.00,0.00,Traits
[Ljava.lang.String;@13b5a3a,0.00,0.00,0.00,0.00,0.00,0.00,Traits
[Ljava.lang.String;@1a0b53e,0.00,0.00,0.00,0.00,0.00,0.00,Traits
[Ljava.lang.String;@1dafb4e,0.00,0.00,0.00,0.00,0.00,0.00,Traits
[Ljava.lang.String;@1a8d460,0.00,0.00,0.00,0.00,0.00,0.00,Traits
[Ljava.lang.String;@15c97e4,0.00,0.00,0.00,0.00,0.00,0.00,Traits
[Ljava.lang.String;@1f8247d,0.00,0.00,0.00,0.00,0.00,0.00,Traits
[Ljava.lang.String;@23bdd1,0.00,0.00,0.00,0.00,0.00,0.00,Traits
[Ljava.lang.String;@830122,0.00,0.00,0.00,0.00,0.00,0.00,Traits
[Ljava.lang.String;@bf7916,0.00,0.00,0.00,0.00,0.00,0.00,Traits
[Ljava.lang.String;@a6af6e,0.00,0.00,0.00,0.00,0.00,0.00,Traits
[Ljava.lang.String;@1478a2d,0.00,0.00,0.00,0.00,0.00,0.00,Traits
[Ljava.lang.String;@1c09624,0.00,0.00,0.00,0.00,0.00,0.00,Traits
[Ljava.lang.String;@c1186f,0.00,0.00,0.00,0.00,0.00,0.00,Traits
[Ljava.lang.String;@12b3349,0.00,0.00,0.00,0.00,0.00,0.00,Traits
[Ljava.lang.String;@134263a,0.00,0.00,0.00,0.00,0.00,0.00,Traits
[Ljava.lang.String;@b9b8d0,0.00,0.00,0.00,0.00,0.00,0.00,Traits
[Ljava.lang.String;@1148603,0.00,0.00,0.00,0.00,0.00,0.00,Traits
[Ljava.lang.String;@6a63d3,0.00,0.00,0.00,0.00,0.00,0.00,Traits
[Ljava.lang.String;@8f2ca6,0.00,0.00,0.00,0.00,0.00,0.00,Traits
[Ljava.lang.String;@1bc4ec8,0.00,0.00,0.00,0.00,0.00,0.00,Traits
[Ljava.lang.String;@1d840d9,0.00,0.00,0.00,0.00,0.00,0.00,Traits
[Ljava.lang.String;@898540,0.00,0.00,0.00,0.00,0.00,0.00,Traits
